ABDALA de MATARAZZO, Norma Amanda;FCxS;Santiago del Estero;0;1;1;1;1;1;1;1;1;1;1;1;1;1;1;1;1;1;1;1;1;1;2;2;2;2;2;2;2;2;1;1;1;1;1;2;2;2;2;2;2
ACOSTA, María Julia;FPV;Catamarca;0;1;1;1;1;1;1;1;1;1;1;1;1;1;1;1;1;1;1;1;1;1;1;1;1;1;1;1;1;1;1;1;1;1;1;1;1;1;1;1;2
AGOSTO, Walter Alfredo;PF;Santa Fe;2;2;2;2;2;2;2;2;2;2;2;2;1;2;2;2;2;2;2;2;1;1;1;2;2;2;2;1;1;2;1;1;1;1;1;2;2;2;2;2;2
AGUAD, Oscar Raúl;UCR;Córdoba;1;2;2;2;2;1;2;2;1;1;1;1;1;2;2;2;2;2;2;2;1;2;1;1;2;2;2;2;2;2;1;1;2;2;2;2;2;;2;2;2
AGUIRRE de SORIA, Hilda Clelia;FPV;La Rioja;0;1;1;1;1;1;1;1;1;1;1;1;1;1;1;1;1;1;1;1;1;1;1;1;1;1;1;1;1;1;1;1;1;9;1;9;0;0;1;1;2
ALBRIEU, Oscar;FPV;Rio Negro;0;1;1;1;1;1;1;1;1;1;1;1;1;1;1;1;1;1;1;1;1;1;1;1;1;1;1;1;1;1;1;1;1;1;1;1;0;0;1;1;1
ALCUAZ, Horacio Alberto;GEN;Buenos Aires;2;2;2;2;2;1;1;2;1;1;0;1;2;2;1;1;1;1;1;1;1;1;1;2;2;2;2;2;2;1;1;1;1;1;1;1;1;2;2;1;1
ALFARO, German Enrique;FPV;Tucumán;0;1;1;1;1;1;1;1;1;1;1;1;1;1;1;1;1;1;1;1;1;1;1;1;1;1;1;1;1;2;1;1;;;;;;;;;
ALFONSIN, Ricardo Luis;UCR;Buenos Aires;1;1;1;1;1;1;2;1;1;1;1;1;1;2;2;2;2;2;2;2;2;2;2;2;2;2;2;2;2;2;2;2;1;1;1;1;1;1;1;1;1
ALIZEGUI, Antonio Anibal;FPV;Entre Ríos;0;1;1;1;1;1;1;1;1;1;1;1;1;1;1;1;1;1;1;1;1;1;1;1;1;1;1;1;1;1;1;1;2;2;2;2;2;2;2;2;2
ALONSO, Gumersindo Federico;OTROS;Córdoba;1;2;2;2;2;2;2;2;2;2;2;2;1;1;1;1;1;1;1;1;1;1;1;2;2;2;2;2;2;2;1;1;2;2;2;0;0;0;1;1;1
ALONSO, Laura;PRO;Cdad. Aut. Bs. As.;1;1;1;1;1;1;1;1;1;1;1;1;2;2;2;2;2;2;2;2;9;1;2;2;2;2;2;2;2;1;1;1;1;1;1;1;1;1;2;1;1
ALVAREZ, Elsa María;UCR;Santa Cruz;1;1;1;1;2;1;1;1;1;1;1;1;1;1;1;1;1;1;1;1;1;1;1;1;0;1;1;1;1;1;1;1;1;1;1;1;1;1;1;1;1
ALVAREZ, Jorge Mario;UCR;Santa Fe;1;1;1;1;1;1;1;1;1;1;9;1;1;1;2;1;1;1;1;1;1;2;1;1;0;1;1;1;1;1;1;1;1;1;1;1;0;0;2;1;1
ALVAREZ, Juan José;OTROS;Buenos Aires;2;2;2;1;1;1;1;1;1;1;1;1;1;2;2;2;2;2;2;2;1;1;1;1;1;1;1;1;1;1;1;2;2;2;2;2;2;2;2;2;2
ALVARO, Héctor Jorge;OTROS;Mendoza;1;1;1;1;1;1;1;1;1;1;1;1;2;2;2;2;1;1;1;1;1;1;1;1;1;1;1;1;1;1;1;1;1;1;1;1;1;1;1;2;2
AMADEO, Eduardo Pablo;PF;Buenos Aires;1;2;1;1;1;1;1;1;1;1;0;1;1;1;1;1;1;1;1;1;2;2;1;2;2;2;2;2;2;2;1;1;1;1;1;1;0;0;1;1;1
ARBO, José Ameghino;OTROS;Corrientes;1;1;1;1;2;2;2;2;2;2;2;2;2;2;2;2;2;2;2;2;2;2;2;2;2;2;2;2;2;1;1;1;1;1;1;0;0;0;2;2;2
ARENA, Celia Isabel;PF;Santa Fe;1;2;1;1;1;1;1;1;1;1;0;1;1;1;1;1;1;1;1;1;1;1;1;1;1;1;1;1;1;1;2;2;1;1;1;1;1;1;1;1;1
ARETA, María Josefa;OTROS;Corrientes;0;1;1;1;1;1;1;1;1;1;1;1;1;1;1;1;1;1;1;1;1;1;2;2;2;2;2;2;2;1;1;1;1;1;1;1;1;1;1;1;1
ARGÜELLO, Octavio;FPV;Buenos Aires;0;1;1;1;1;1;1;1;1;1;1;1;1;1;1;1;1;1;1;1;1;1;1;2;1;1;1;1;1;2;1;1;1;1;1;9;0;0;1;1;1
ARGUMEDO, Alcira Susana;OTROS;Cdad. Aut. Bs. As.;0;1;9;1;0;1;1;1;0;0;0;1;1;1;2;2;1;1;1;1;1;9;1;2;2;2;2;2;2;2;1;1;1;1;1;1;1;1;1;1;1
ASEF, Daniel Edgardo;OTROS;Córdoba;0;1;1;1;1;1;1;1;1;1;1;1;1;1;1;1;1;1;1;1;1;1;1;2;2;2;1;1;1;1;1;1;1;2;1;1;1;1;1;2;2
ASPIAZU, Lucio Bernardo;UCR;Corrientes;1;1;1;1;2;1;1;1;2;2;2;2;1;1;1;1;1;1;1;1;2;2;2;2;2;2;2;2;2;1;2;2;1;1;1;1;1;2;2;2;1
ATANASOF, Alfredo Néstor;PF;Buenos Aires;1;1;1;1;1;1;1;1;1;1;0;1;2;2;2;2;2;2;2;2;2;1;1;1;0;2;2;2;2;1;2;2;1;1;1;1;0;1;1;1;1
BALDATA, Griselda Angela;CC;Córdoba;0;1;1;1;1;1;1;1;0;9;0;1;1;2;2;2;2;2;2;2;9;2;2;2;2;2;2;2;2;2;2;2;1;1;1;1;1;1;1;1;1
BARBIERI, Mario Leandro;UCR;Buenos Aires;1;1;1;1;1;1;1;1;1;1;1;1;1;1;1;1;1;1;1;1;1;2;2;2;2;2;2;2;2;1;1;1;2;2;1;1;2;2;2;2;2
BARRANDEGUY, Raúl Enrique;FPV;Entre Ríos;0;1;1;1;1;1;1;1;2;2;2;2;1;1;1;1;1;1;1;1;1;1;1;1;1;1;1;1;1;1;1;1;1;1;1;1;9;9;1;1;1
BARRIOS, Miguel Angel;PS;Santa Fe;0;1;1;1;1;1;1;1;1;1;0;9;1;1;1;2;1;1;1;1;1;2;1;1;0;1;1;1;1;1;1;1;1;1;1;1;1;1;2;1;1
BASTEIRO, Sergio Ariel;NEPyS;Buenos Aires;0;1;1;1;9;1;1;1;1;1;1;1;1;1;1;1;1;1;1;1;1;1;1;1;2;2;2;2;2;1;1;1;1;1;1;1;1;1;1;1;1
BEDANO, Nora Esther;FPV;Córdoba;0;1;1;1;1;1;2;2;2;2;2;2;1;1;1;1;1;1;1;1;1;1;2;2;2;2;2;2;2;1;1;1;1;1;1;1;1;1;1;1;2
BELOUS, Nélida;OTROS;Tierra del Fuego;0;1;1;1;2;1;1;1;1;1;1;2;2;2;2;2;2;2;2;2;1;1;2;2;2;2;2;2;2;2;1;1;1;1;1;1;1;1;1;1;2
BENAS, Verónica Claudia;Upop;Santa Fe;0;1;9;1;2;1;1;1;0;0;0;1;1;1;1;9;1;1;1;1;1;9;1;9;0;1;9;1;1;1;1;1;1;1;1;1;1;1;1;1;1
BENEDETTI, Atilio;UCR;Entre Ríos;1;1;1;1;2;1;1;2;1;1;1;1;1;1;1;2;1;1;1;1;1;1;1;2;0;1;1;1;1;1;1;1;1;1;1;1;1;1;1;1;1
BERNAL, María Eugenia;FPV;Jujuy;0;1;1;1;1;1;1;1;1;1;1;1;1;1;1;1;1;1;1;1;1;1;1;1;1;1;1;1;1;1;1;1;1;1;1;2;2;1;1;1;1
BERTOL, Paula María;PRO;Cdad. Aut. Bs. As.;1;2;1;1;1;1;1;1;1;1;9;1;1;2;1;1;1;1;2;2;2;2;1;1;1;1;1;1;1;1;1;1;1;1;1;1;0;0;1;1;1
BERTONE, Rosana Andrea;FPV;Tierra del Fuego;2;1;1;1;1;2;2;2;2;2;2;2;1;1;1;1;1;1;2;2;1;1;2;2;2;2;2;2;2;1;1;1;1;1;1;2;2;2;2;2;2
BIANCHI, Ivana María;PF;San Luis;1;1;1;1;2;2;2;2;2;2;2;2;2;2;2;2;2;2;2;2;1;1;2;2;2;2;2;2;2;2;1;1;1;1;1;0;0;9;1;1;9
BIDEGAIN, Gloria;FPV;Buenos Aires;0;1;1;1;1;1;1;1;1;1;1;1;1;1;1;1;1;1;1;1;1;1;2;2;2;2;2;2;2;2;2;2;2;2;2;1;1;1;1;1;2
BLANCO de PERALTA, Blanca;FPV;Santa Cruz;0;1;1;1;1;1;1;1;1;1;1;1;1;1;1;1;1;1;2;2;1;1;2;2;2;2;2;2;2;2;1;1;1;1;1;1;1;1;2;2;2
BONASSO, Miguel Luis;OTROS;Cdad. Aut. Bs. As.;0;1;1;1;0;1;1;1;0;0;0;1;1;2;2;2;2;2;2;2;2;2;2;2;2;2;2;2;2;2;2;2;2;2;2;2;2;2;2;2;2
BRILLO, José Ricardo;OTROS;Neuquén;0;1;1;1;1;1;2;2;2;2;2;2;1;2;2;2;2;2;1;1;1;1;1;1;1;1;1;1;1;1;2;2;1;1;1;1;1;1;1;1;1
BRUE, Daniel Agustín;FCxS;Santiago del Estero;0;2;2;2;2;2;2;2;2;2;2;2;2;2;2;2;2;2;2;2;1;1;2;1;1;1;1;1;1;1;1;1;1;1;1;2;2;2;2;2;2
BULLRICH, Patricia;CC;Cdad. Aut. Bs. As.;2;2;2;2;2;2;2;2;2;2;2;2;2;2;1;1;2;2;2;2;2;2;1;1;1;1;1;9;1;1;1;1;1;1;1;1;0;0;1;1;1
BURYAILE, Ricardo;UCR;Formosa;1;2;2;2;2;2;2;2;2;2;2;2;2;2;2;2;2;2;2;2;9;2;2;2;2;2;2;2;2;1;1;1;2;1;1;1;2;2;2;2;1
CALCHAQUI, Mariel;FPV;Tierra del Fuego;0;1;1;1;1;1;1;1;1;1;1;1;1;1;1;1;1;1;1;1;1;1;1;1;1;1;1;1;1;1;1;1;2;2;2;2;2;2;2;2;2
CAMAÑO, Graciela;OTROS;Buenos Aires;0;2;2;2;2;2;2;2;2;2;2;2;1;2;2;2;2;2;2;2;1;2;2;2;2;2;2;2;2;2;1;9;1;1;1;0;2;2;2;2;2
CARCA, Elisa Beatriz;CC;Buenos Aires;0;1;2;1;2;1;1;1;0;0;0;1;1;1;1;1;1;1;1;1;2;2;1;1;0;9;1;2;2;1;1;1;1;1;1;1;1;1;1;9;1
CARDELLI, Jorge Justo;OTROS;Cdad. Aut. Bs. As.;0;2;9;1;0;2;2;2;0;0;0;1;1;2;2;2;2;2;2;2;1;2;1;2;2;2;2;2;2;1;1;1;2;1;1;1;1;1;1;2;1
CARLOTTO, Remo Gerardo;FPV;Buenos Aires;0;2;2;2;2;1;1;1;1;1;1;1;1;1;1;1;1;1;1;1;1;1;2;2;2;2;2;2;2;2;1;1;1;1;1;1;2;1;1;1;1
CARRANZA, Carlos Alberto;PF;Santa Fe;1;2;2;2;1;1;1;1;1;1;0;2;1;2;2;2;2;2;2;2;1;1;1;2;1;1;1;1;1;1;1;1;2;1;1;1;0;0;1;2;1
CARRIO, Elisa María;CC;Cdad. Aut. Bs. As.;0;2;2;2;2;2;2;2;2;2;2;2;2;2;2;2;2;2;2;2;2;2;2;2;2;2;2;2;2;1;1;1;2;2;2;2;2;2;2;2;2
CASAÑAS, Juan Francisco;UCR;Tucumán;1;2;2;2;2;1;1;2;1;1;1;2;1;1;1;1;1;1;1;1;2;2;1;2;2;2;2;2;2;1;1;1;1;1;1;0;2;2;2;2;2
CASELLES, Graciela María;FPV;San Juan;2;2;2;2;2;2;2;2;2;2;2;2;1;1;1;1;2;2;2;2;1;1;1;1;1;1;1;1;1;1;1;1;2;2;2;2;2;2;2;2;2
CASTALDO, Norah Susana;UCR;Tucumán;1;1;1;1;1;1;1;1;9;9;9;1;1;2;1;1;1;1;1;1;9;2;2;2;2;2;2;2;2;2;1;1;1;1;2;0;9;0;1;9;1
CASTAÑON, Hugo;UCR;Rio Negro;2;2;2;2;2;2;2;2;2;2;2;2;2;2;2;2;2;2;2;2;1;1;1;1;0;1;1;1;1;1;1;1;1;1;1;1;2;2;2;1;2
CEJAS, Jorge Alberto;FPV;Rio Negro;0;1;1;1;2;2;2;2;2;2;2;2;1;1;1;1;1;1;1;1;1;1;1;1;1;1;1;1;9;1;1;1;1;1;1;1;0;1;1;1;1
CHEMES, Jorge Omar;UCR;Entre Ríos;1;1;1;1;1;1;1;1;1;1;1;1;1;1;1;1;1;1;1;1;9;1;1;1;0;1;1;1;1;1;1;1;1;1;1;1;1;2;2;2;1
CHIENO, Maria Elena;FPV;Corrientes;0;2;2;2;2;2;2;2;2;2;2;2;2;2;2;2;2;2;2;2;1;1;1;1;1;1;1;1;1;1;1;1;1;2;1;1;1;1;1;1;1
CHIQUICHANO, Rosa Laudelina;FPV;Chubut;2;2;2;2;2;2;2;2;2;2;2;2;1;1;1;1;1;1;1;1;1;1;1;1;1;1;1;1;1;1;2;2;2;1;1;2;2;2;2;2;1
CICILIANI, Alicia;PS;Santa Fe;0;1;1;1;2;2;2;2;1;1;0;1;1;1;1;1;1;1;1;1;1;2;2;1;0;1;1;1;1;1;1;1;1;1;1;1;1;1;1;1;1
CIGOGNA, Luis Francisco Jorge;FPV;Buenos Aires;0;1;1;1;1;1;1;1;1;1;1;1;1;1;1;1;1;1;1;1;1;1;1;1;1;1;1;1;1;1;1;1;1;1;1;1;0;1;1;1;1
COMELLI, Alicia Marcela;OTROS;Neuquén;0;1;1;1;1;1;1;1;2;2;2;2;1;1;1;1;1;1;9;1;1;1;1;1;1;1;1;1;1;1;2;2;1;1;1;1;1;1;1;1;1
COMI, Carlos Marcelo;CC;Santa Fe;0;1;1;1;1;1;1;1;0;0;0;1;1;1;1;1;1;1;2;2;2;1;1;1;1;2;2;2;2;1;1;1;1;1;1;1;1;1;1;1;1
CONTI, Diana Beatriz;FPV;Buenos Aires;0;1;1;2;1;1;1;1;2;2;2;2;1;1;1;1;1;1;1;1;1;1;1;1;1;1;1;1;1;1;1;1;1;1;1;1;1;1;2;1;1
CORDOBA, Stella Maris;FPV;Tucumán;0;1;1;1;1;1;1;1;1;1;1;1;1;1;1;1;1;1;1;1;1;1;1;1;1;1;1;9;1;2;2;2;2;1;1;1;1;1;1;1;1
CORTINA, Roy;PS;Cdad. Aut. Bs. As.;0;1;1;1;1;1;1;2;2;2;2;2;1;2;2;2;2;2;2;2;1;1;1;2;2;2;2;2;2;1;1;1;1;1;1;1;1;1;1;1;1
COSTA, Eduardo Raúl;UCR;Santa Cruz;1;1;1;1;1;1;1;1;1;1;1;2;1;1;2;2;1;1;1;1;2;2;1;1;0;1;1;1;1;2;2;2;1;1;1;1;1;1;1;1;1
CREMER de BUSTI, María Cristina;PF;Entre Ríos;1;1;1;1;1;1;1;1;1;1;1;0;1;1;1;1;1;1;1;1;1;1;2;2;2;2;2;2;2;1;1;1;1;1;1;1;9;1;1;1;1
CUCCOVILLO, Ricardo Oscar;PS;Buenos Aires;0;2;2;2;2;2;2;2;2;2;2;2;2;2;2;2;2;2;2;2;1;2;1;1;0;1;1;1;1;1;1;1;1;2;2;1;1;1;2;1;2
CURRILEN, Oscar Rubén;OTROS;Chubut;2;2;2;2;2;2;2;2;2;2;2;2;1;1;1;1;1;1;1;1;1;1;1;1;1;1;1;1;1;1;1;1;1;1;1;1;1;1;1;1;1
CUSINATO, Gustavo;UCR;Entre Ríos;1;1;1;1;1;1;1;1;1;1;1;1;1;1;1;1;2;2;2;2;1;1;1;1;0;1;1;1;1;1;1;1;1;9;1;1;1;2;1;1;1
DAHER, Zulema Beatríz;UP;Salta;1;1;1;1;2;2;2;2;2;2;2;2;1;2;2;2;2;2;2;2;2;1;1;1;1;1;1;1;1;1;1;1;2;2;1;2;0;0;1;1;1
DAMILANO GRIVARELLO, Viviana Mónica;FPV;Chaco;0;1;1;1;1;1;1;1;1;1;1;1;2;2;2;2;2;2;2;2;1;1;2;2;2;2;2;2;2;1;2;2;1;1;1;1;1;0;1;1;1
DATO, Alfredo Carlos;FPV;Tucumán;0;1;1;1;1;1;1;1;1;1;1;1;1;1;1;1;1;1;1;1;1;1;1;1;1;1;1;1;1;1;1;1;1;1;1;1;0;1;1;2;2
de la ROSA, Maria Graciela;FPV;Formosa;0;1;1;1;1;1;1;1;1;1;1;1;1;1;1;1;1;1;1;2;1;1;1;2;2;1;1;1;1;2;1;1;1;1;1;1;9;9;1;1;1
DE MARCHI, Omar Bruno;OTROS;Mendoza;1;2;2;2;2;2;2;2;2;2;2;2;2;2;1;1;1;1;1;2;9;1;1;2;2;2;2;2;2;1;2;2;1;1;1;0;0;0;2;0;0
DE NARVAEZ, Francisco;PF;Buenos Aires;1;2;2;2;2;2;2;2;2;2;2;2;1;2;2;2;2;2;2;2;2;2;1;1;0;1;1;1;1;2;2;2;2;2;2;1;0;2;2;2;2
de PRAT GAY, Alfonso;CC;Cdad. Aut. Bs. As.;0;1;2;1;1;1;1;1;0;9;0;2;1;1;1;1;1;1;1;1;9;1;1;1;0;1;9;2;2;1;1;1;2;2;2;2;2;2;2;2;2
del CAMPILLO, Héctor Eduardo;UCR;Córdoba;1;1;2;1;2;1;1;1;1;1;1;1;1;1;1;1;1;1;1;1;9;2;1;1;0;1;1;1;1;2;1;1;1;2;2;2;2;2;2;1;2
DEPETRI, Edgardo Fernando;FPV;Buenos Aires;0;2;2;2;2;2;2;2;2;2;2;2;1;1;1;1;1;1;1;1;1;1;2;2;2;2;2;2;2;1;1;1;2;2;2;2;2;2;2;2;2
di TULLIO, Juliana;FPV;Buenos Aires;0;1;1;1;1;2;2;2;2;2;2;2;1;1;1;9;1;1;2;2;1;1;1;1;1;1;1;1;1;1;1;1;1;1;1;1;1;1;1;1;1
DIAZ BANCALARI, José María;FPV;Buenos Aires;0;1;1;1;1;1;1;1;1;1;1;1;1;1;1;1;1;1;1;1;1;1;1;1;1;1;1;1;1;1;1;1;1;1;1;1;1;1;1;1;1
DIAZ ROIG, Juan Carlos;FPV;Formosa;0;2;1;1;1;1;2;1;1;1;1;1;1;1;1;1;2;2;2;2;1;1;1;1;1;1;1;1;1;1;1;1;1;1;2;2;2;2;2;2;2
DIAZ, Susana Eladia;FPV;Tucumán;0;2;2;2;1;1;1;1;1;1;1;1;1;1;1;1;1;1;1;1;1;1;1;1;1;1;1;1;1;2;1;1;;;;;;;;;
DONDA PEREZ, Victoria Analía;OTROS;Buenos Aires;0;1;9;1;0;1;1;1;2;2;2;2;1;2;1;1;1;1;1;1;1;2;1;2;2;1;9;1;1;2;1;1;2;2;2;2;2;2;2;2;2
DONKIN, Carlos Guillermo;FPV;Formosa;0;1;1;1;1;1;1;1;1;1;1;1;1;1;1;1;1;1;1;1;1;1;1;1;1;1;1;1;1;2;1;1;1;1;1;1;9;9;1;1;1
DUTTO, Gustavo Alberto;FPV;Buenos Aires;0;1;1;1;1;1;1;1;1;1;1;1;2;2;2;2;2;2;2;2;1;1;1;1;1;1;1;1;1;1;1;1;1;1;1;1;0;2;2;2;2
ERRO, Norberto Pedro;UCR;Buenos Aires;1;1;2;1;1;1;1;1;1;1;9;1;1;1;1;1;1;1;1;1;1;2;1;1;0;1;1;1;1;1;1;1;1;1;2;2;2;2;2;2;2
ESPINDOLA, Gladys Susana;UCR;Córdoba;2;2;2;2;2;2;2;2;2;2;2;2;2;2;2;2;2;2;2;2;1;2;1;1;0;1;1;1;1;2;1;1;1;1;2;2;2;2;2;2;2
FADEL, Patricia Susana;FPV;Mendoza;2;2;2;2;2;2;2;2;2;2;2;2;2;2;2;2;2;2;2;2;1;1;1;1;1;1;1;1;1;;1;1;1;2;2;2;2;2;2;2;2
FADUL, Liliana;OTROS;Tierra del Fuego;1;1;1;1;0;1;1;1;1;1;0;2;1;1;1;1;1;1;1;1;1;1;2;2;2;2;2;2;2;1;1;1;1;9;1;1;0;0;1;1;1
FAUSTINELLI, Hipólito;UCR;Córdoba;1;1;1;1;1;1;1;1;1;1;1;1;1;1;1;1;2;2;1;1;1;2;1;1;0;1;1;1;1;2;1;1;2;2;1;1;2;2;2;2;2
FAVARIO, Carlos Alberto;OTROS;Santa Fe;0;1;1;1;1;1;1;1;0;0;0;2;0;1;1;1;1;1;1;1;9;1;1;1;0;1;1;2;1;1;1;1;1;1;1;1;0;0;1;1;1
FEIN, Mónica Hayde;PS;Santa Fe;0;1;1;1;1;1;1;1;2;2;2;2;1;1;2;2;1;1;1;1;2;2;1;1;0;1;1;1;1;1;1;1;2;1;1;1;1;1;1;1;1
FELIX, Omar;FPV;Mendoza;2;1;1;1;1;1;2;2;2;2;2;2;2;2;2;2;2;2;2;2;1;2;2;2;2;2;2;2;2;1;1;1;2;2;2;2;2;2;2;2;2
FELLNER, Eduardo Alfredo;FPV;Jujuy;;;;;;;;;;;;;;;;;;;;;;;;;;;;;;2;;;;;;;;2;;;
FERNANDEZ, Rodolfo Alfredo;UCR;Corrientes;1;1;1;1;9;1;1;1;1;1;1;1;1;1;1;1;2;2;2;2;1;2;1;1;0;1;1;1;1;2;1;1;1;1;1;2;2;2;2;2;2
FERRA de BARTOL, Margarita;FPV;San Juan;0;1;1;1;1;1;1;1;1;1;1;1;2;2;2;2;2;2;2;2;1;1;2;1;1;1;1;1;1;1;1;1;1;1;9;2;2;2;2;2;2
FERRARI, Gustavo;PF;Buenos Aires;1;1;1;1;1;1;1;1;2;2;2;2;1;1;2;2;2;2;2;2;9;1;2;1;0;1;1;1;1;1;1;2;1;1;2;1;0;0;2;2;1
FIAD, Mario Raymundo;UCR;Jujuy;1;1;1;1;1;1;1;1;1;1;1;1;1;1;1;1;1;1;1;1;1;1;1;1;0;1;1;1;1;1;1;1;1;1;1;1;1;1;1;1;9
FIOL, Paulina Esther;FPV;Santa Fe;0;1;1;1;1;1;1;1;1;1;1;1;1;1;1;1;1;1;1;1;1;1;1;1;1;1;1;1;1;1;1;1;1;1;1;1;1;1;1;1;1
FLORES, Héctor;CC;Buenos Aires;0;1;1;1;1;1;1;1;2;2;2;2;1;1;1;1;1;1;2;2;9;2;2;2;2;2;2;2;2;1;2;2;2;2;1;2;2;2;2;2;2
FORCONI, Juan Carlos;PF;Santa Fe;0;2;2;1;1;1;1;1;1;1;1;1;1;1;1;1;1;1;1;1;1;1;1;2;2;2;2;1;1;1;1;1;1;1;1;2;2;2;2;2;2
FORTE, Ulises;UCR;La Pampa;1;1;1;1;1;1;1;1;1;2;2;2;1;1;1;1;1;1;1;1;1;1;1;1;0;1;1;1;1;1;1;1;1;1;1;1;1;1;1;2;1
FORTUNA, Francisco Jose;OTROS;Córdoba;1;1;1;1;1;1;1;1;1;1;0;1;1;1;2;1;1;1;1;1;1;1;1;1;1;1;1;1;1;1;1;1;1;1;1;1;0;0;1;1;1
GALLARDO, Miriam Graciela;FPV;Tucumán;0;1;1;1;1;1;1;1;1;1;1;1;1;1;1;1;1;1;1;1;1;1;2;2;2;2;2;2;2;1;1;1;1;1;1;2;2;2;2;1;1
GAMBARO, Natalia;PF;Buenos Aires;1;1;1;1;1;2;2;2;2;2;2;2;2;2;2;2;2;2;2;2;9;1;2;2;2;2;2;2;2;1;1;2;1;1;1;1;1;1;2;1;1
GARCIA, Irma Adriana;UP;La Pampa;1;1;1;1;1;2;2;2;2;2;2;2;2;2;2;2;2;2;2;2;1;1;1;1;1;1;1;1;1;2;1;1;1;1;2;1;1;1;1;1;1
GARCIA, María Teresa;FPV;Buenos Aires;0;1;1;1;1;1;1;1;1;1;1;1;1;1;1;1;1;1;2;1;1;1;1;1;1;1;1;1;1;1;1;1;1;2;1;1;1;1;1;1;1
GARCIA, Susana Rosa;CC;Santa Fe;0;1;1;1;1;1;1;1;0;0;9;1;1;1;1;1;1;1;1;1;2;2;1;1;0;1;1;2;1;1;1;1;1;1;1;1;1;1;1;2;1
GARDELLA, Patricia Susana;OTROS;Buenos Aires;1;1;1;1;1;1;1;1;2;2;2;2;1;2;2;2;2;2;2;2;1;1;1;1;1;1;1;1;1;1;1;1;1;1;1;0;2;2;2;2;2
GARNERO, Estela;OTROS;Córdoba;1;1;1;1;9;1;1;1;2;2;2;1;1;2;1;1;1;1;9;2;1;1;1;1;1;1;1;9;1;1;1;1;1;1;1;1;0;9;1;1;1
GERMANO, Daniel;PF;Santa Fe;2;2;2;2;2;2;2;2;2;2;2;2;1;2;2;2;2;2;2;2;1;1;1;1;1;2;2;2;2;1;1;1;1;1;1;1;0;0;1;2;1
GIANNETTASIO, Graciela María;FPV;Buenos Aires;0;1;1;1;1;1;1;1;1;1;1;1;1;1;1;1;1;1;1;1;1;1;1;1;1;1;1;1;1;1;1;1;1;1;1;1;1;1;1;1;1
GIL LAVEDRA, Ricardo Rodolfo;UCR;Cdad. Aut. Bs. As.;1;1;1;1;1;1;1;1;1;1;1;1;1;1;1;1;1;1;1;1;1;1;1;1;0;1;1;1;1;1;1;1;1;1;1;1;1;1;1;2;1
GIL LOZANO, Claudia Fernanda;CC;Cdad. Aut. Bs. As.;0;1;1;1;1;1;1;1;1;1;1;1;1;1;1;1;1;1;1;9;9;1;1;1;1;1;1;9;1;1;1;1;1;1;1;1;1;1;1;1;1
GIOJA, Juan Carlos;FPV;San Juan;2;2;2;2;2;2;2;2;2;2;2;2;2;2;2;2;2;2;2;2;2;2;2;2;2;2;2;2;2;2;1;1;2;2;2;2;2;2;2;2;2
GIUBERGIA, Miguel Angel;UCR;Jujuy;1;1;1;1;1;1;1;1;1;1;1;1;1;1;1;1;2;2;2;2;1;1;1;2;2;2;2;2;2;1;1;1;1;1;1;1;1;1;1;1;1
GIUDICI, Silvana Myriam;UCR;Cdad. Aut. Bs. As.;1;1;2;1;1;1;1;1;1;1;1;1;1;1;1;9;1;1;1;9;1;2;1;1;0;1;1;1;1;1;1;1;1;1;1;1;1;1;2;1;1
GODOY, Ruperto Eduardo;FPV;San Juan;0;1;1;1;1;1;1;1;1;1;1;1;1;1;1;1;1;1;1;1;1;1;1;1;1;1;1;1;1;1;1;1;2;2;2;1;1;1;2;2;2
GONZALEZ, Gladys Esther;PRO;Buenos Aires;1;1;1;1;2;2;2;2;1;1;1;1;1;1;1;1;1;1;1;1;2;1;2;2;2;2;2;2;2;1;1;1;1;1;1;1;9;1;1;1;2
GONZALEZ, Juan Dante;FPV;Mendoza;0;2;2;2;1;1;1;1;1;1;1;1;2;2;2;2;2;2;2;2;1;1;2;2;2;2;2;2;2;1;1;1;1;1;1;2;2;2;2;2;2
GONZALEZ, Nancy Susana;FPV;Chubut;2;2;2;2;2;2;2;2;2;2;2;2;1;1;1;1;1;1;1;1;1;1;2;2;2;2;2;2;2;1;1;1;1;1;1;9;9;2;1;1;1
GRANADOS, Dulce;FPV;Buenos Aires;2;2;2;2;2;2;2;2;2;2;2;2;1;1;1;1;1;1;1;1;1;1;2;2;2;2;2;2;2;1;2;2;1;1;1;2;2;2;2;2;2
GRIBAUDO, Christian Alejandro;PRO;Buenos Aires;1;1;2;1;2;2;2;2;2;2;2;2;1;2;2;2;1;1;2;2;9;1;1;1;1;1;1;1;1;1;1;1;1;1;1;1;0;2;2;2;1
GULLO, Juan Carlos Dante;FPV;Cdad. Aut. Bs. As.;0;1;1;1;1;1;1;1;1;1;1;1;1;1;1;1;1;1;1;1;1;1;2;2;2;2;2;2;2;1;1;1;1;1;1;1;1;1;1;1;1
GUZMAN, Olga Elizabeth;OTROS;Neuquén;0;1;1;1;1;1;1;1;2;2;2;2;1;1;1;1;1;1;1;1;1;1;1;1;1;1;1;1;1;1;2;2;1;1;1;1;1;1;1;1;1
HELLER, Carlos;NEPyS;Cdad. Aut. Bs. As.;0;1;1;1;9;1;1;1;2;2;2;2;1;1;1;1;1;1;1;1;1;2;1;2;2;2;2;2;2;1;1;1;2;2;2;2;2;2;2;2;2
HERRERA, José Alberto;FCxS;Santiago del Estero;0;1;1;1;2;2;2;2;2;2;2;2;2;2;2;2;2;2;2;2;1;1;1;2;2;2;2;2;2;2;2;2;1;1;1;2;2;2;2;2;2
HOTTON, Cynthia Liliana;OTROS;Cdad. Aut. Bs. As.;1;1;1;2;1;1;1;1;2;2;2;2;2;2;2;2;2;2;2;2;9;2;2;2;2;2;2;2;2;2;1;1;1;1;1;0;0;0;2;0;0
IBARRA, Mauricio;PF;San Juan;2;2;2;2;2;2;2;2;2;2;2;2;2;2;2;2;2;2;2;2;2;2;1;1;1;1;1;1;1;1;9;1;1;1;1;0;0;0;1;0;1
IBARRA, Vilma Lidia;NEPyS;Cdad. Aut. Bs. As.;0;1;1;1;9;1;1;1;1;1;1;1;1;2;2;2;1;1;1;1;1;1;1;1;2;2;2;2;2;2;2;1;1;1;1;1;1;1;2;1;1
IGLESIAS, Fernando Adolfo;CC;Cdad. Aut. Bs. As.;0;1;1;1;1;1;1;1;0;0;0;1;1;1;1;1;1;1;1;1;9;1;1;1;0;1;1;9;1;1;1;1;1;1;1;1;0;0;1;1;1
IRRAZABAL, Juan Manuel;FPV;Misiones;0;2;2;1;1;2;2;2;2;2;2;2;1;1;1;1;1;1;1;1;2;2;1;2;2;1;1;1;1;2;1;1;2;2;2;2;2;2;2;2;2
ITURRASPE, Nora Graciela;Upop;Buenos Aires;0;1;9;1;0;1;1;1;0;0;0;1;1;2;2;2;2;2;2;2;1;9;1;9;0;1;9;1;1;1;1;1;1;1;1;1;1;1;1;1;1
JURI, Mariana;UCR;Mendoza;0;1;1;1;1;1;1;1;2;2;2;2;1;1;1;1;2;2;2;2;2;2;1;1;0;1;1;1;1;1;1;1;1;1;2;1;1;1;2;1;1
KATZ, Daniel;UCR;Buenos Aires;1;1;1;1;2;2;2;2;2;2;2;2;1;1;1;1;1;1;1;1;1;2;1;2;2;2;2;2;2;1;1;1;2;2;2;2;2;2;2;2;2
KENNY, Eduardo Enrique Federico;UCR;La Pampa;1;2;2;2;2;2;2;2;2;2;2;2;1;2;1;1;1;1;1;1;1;2;2;2;2;2;2;2;2;2;1;1;1;1;2;1;1;2;2;2;2
KORENFELD, Beatriz Liliana;FPV;Santa Cruz;0;1;1;1;1;1;1;1;1;1;1;1;1;1;1;1;1;1;1;1;1;1;1;1;1;1;1;1;1;1;1;1;1;1;1;2;2;2;2;1;1
KUNKEL, Carlos Miguel;FPV;Buenos Aires;0;1;1;1;1;1;1;1;1;1;1;1;1;1;1;1;1;1;1;1;1;1;1;1;1;1;1;1;1;1;1;1;1;1;1;1;0;1;1;1;1
LANCETA, Rubén Orfel;UCR;Buenos Aires;2;2;1;1;2;1;2;2;2;2;2;2;1;2;1;1;1;1;1;1;1;2;2;2;2;2;2;2;2;1;1;1;1;1;1;1;1;1;2;2;1
LANDAU, Jorge Alberto;FPV;Buenos Aires;0;2;2;2;1;1;2;2;1;1;1;1;1;1;2;1;2;2;2;2;2;2;1;1;1;1;1;1;1;1;1;1;2;2;2;1;1;2;1;1;1
LEDESMA, Julio Rubén;OTROS;Buenos Aires;2;2;2;2;2;2;2;2;2;2;2;2;2;2;2;2;2;2;2;2;1;1;1;2;2;2;2;2;2;1;2;2;1;1;2;2;2;2;2;2;2
LEGUIZAMON, María Laura;FPV;Buenos Aires;0;2;2;1;1;1;1;1;1;1;1;1;1;1;1;1;1;1;1;1;1;1;1;1;1;1;1;1;1;1;2;2;1;1;1;2;2;1;1;1;1
LEVERBERG, Stella Maris;FPV;Misiones;0;1;1;1;2;2;2;2;2;2;2;2;1;1;1;1;1;1;1;1;1;1;1;2;2;2;2;2;2;1;1;1;1;1;1;1;1;1;1;1;1
LINARES, María Virginia;GEN;Buenos Aires;0;1;1;1;1;1;1;1;1;1;0;1;1;1;1;1;1;1;1;1;1;1;2;2;2;2;2;2;2;1;1;1;1;1;1;1;1;1;1;1;1
LLANOS, Ermindo Edgardo Marcelo;FPV;Jujuy;0;1;1;1;2;2;2;2;2;2;2;2;1;1;1;1;1;1;1;1;1;1;2;2;2;2;2;2;2;1;1;1;1;1;1;1;0;0;1;2;1
LLERA, Timoteo;FPV;Misiones;0;2;1;1;2;1;1;1;1;1;1;1;1;1;1;1;1;1;1;1;1;1;1;1;1;1;1;1;1;1;1;1;1;1;1;1;1;1;1;2;2
LOPEZ ARIAS, Marcelo Eduardo;OTROS;Salta;2;1;1;1;1;1;1;1;1;1;1;1;1;2;2;2;2;2;2;2;1;1;2;2;2;2;2;2;2;9;1;1;1;1;1;2;2;2;1;1;1
LOPEZ, Rafael Angel;FPV;Formosa;2;2;2;2;2;2;2;2;2;2;2;2;1;1;1;1;1;1;1;1;1;1;1;1;1;1;1;1;1;2;2;2;2;2;2;2;2;2;2;2;2
LORGES, Juan Carlos;FPV;Buenos Aires;0;1;1;1;2;2;2;2;2;2;2;2;2;2;1;1;1;1;1;1;2;2;1;2;2;2;2;2;2;1;1;1;2;2;2;2;2;2;2;2;2
LOZANO, Claudio Raúl;Upop;Cdad. Aut. Bs. As.;0;2;2;2;2;2;2;2;2;2;2;2;2;2;2;2;2;2;2;2;1;9;1;2;2;2;2;2;2;2;1;1;1;1;1;1;1;1;1;1;1
LUNA de MARCOS, Ana Zulema;FCxS;Santiago del Estero;0;1;1;1;1;1;1;1;1;1;1;1;1;1;1;1;1;1;1;1;1;1;1;1;1;1;1;1;1;2;1;1;1;1;1;2;2;2;2;2;1
MACALUSE, Eduardo Gabriel;Upop;Buenos Aires;0;1;9;1;0;1;1;1;0;0;0;1;1;1;1;1;1;1;1;1;1;9;1;9;0;1;9;1;1;1;1;1;1;1;1;1;0;1;1;2;1
MAJDALANI, Silvia Cristina;PRO;Buenos Aires;1;1;1;1;1;1;1;2;2;2;2;2;2;2;2;2;2;2;2;2;9;2;2;2;2;2;2;2;2;1;2;2;1;1;1;1;0;0;1;1;1
MANSUR, Ricardo Alfredo;UCR;Mendoza;1;1;1;1;2;2;2;2;2;2;2;2;1;1;1;1;1;1;1;1;1;2;2;2;2;2;2;2;2;1;2;2;2;1;2;1;1;0;2;1;1
MARCONATO, Gustavo Angel;FPV;Santa Fe;0;1;1;1;1;2;2;2;2;2;2;2;1;1;1;1;1;1;1;1;1;1;1;1;1;1;1;1;1;1;1;1;2;2;2;2;2;2;2;2;2
MARTIARENA, Mario Humberto;OTROS;Jujuy;0;1;1;1;1;2;2;2;2;2;2;2;1;1;1;1;1;1;1;1;1;1;1;1;1;1;1;1;1;2;1;1;1;1;1;1;0;0;1;1;1
MARTINEZ ODDONE, Heriberto Agustín;UCR;Córdoba;1;1;1;1;1;1;1;1;1;1;1;1;1;1;1;1;2;2;2;2;1;1;2;2;2;2;2;2;2;1;1;1;1;1;1;2;1;2;2;2;1
MARTINEZ, Ernesto Félix;OTROS;Córdoba;1;1;2;2;2;2;2;2;2;2;2;2;2;2;2;2;2;2;2;2;1;1;1;2;2;2;2;2;2;2;1;1;1;2;1;0;0;0;1;1;1
MARTINEZ, Julio Cesar;UCR;La Rioja;1;1;1;1;2;1;1;1;1;1;1;1;1;2;2;2;2;2;2;2;2;2;1;2;2;2;2;2;2;2;1;1;1;1;1;2;2;2;2;2;2
MARTINEZ, Soledad;PRO;Buenos Aires;1;1;1;1;1;1;1;1;1;1;1;1;1;9;1;1;1;1;2;2;9;1;1;1;1;1;1;1;1;1;2;2;1;1;1;1;0;1;1;1;1
MAZZARELLA, Susana del Valle;OTROS;Córdoba;1;1;1;1;2;2;2;2;2;2;2;2;2;2;2;2;2;2;2;2;1;1;1;2;2;2;2;2;2;2;1;1;1;1;1;1;0;0;1;1;1
MENDOZA, Sandra Marcela;FPV;Chaco;0;2;2;2;1;2;2;2;1;1;1;1;1;1;1;1;1;1;1;1;1;1;2;2;2;2;2;2;2;1;1;1;2;2;2;2;2;2;2;2;2
MERA, Dalmacio;FPV;Catamarca;0;2;2;2;2;2;2;2;2;2;2;2;1;1;1;1;1;1;2;2;1;1;2;2;2;2;2;2;2;1;1;1;1;1;1;2;2;2;2;2;2
MERCHAN, Paula Cecilia;OTROS;Córdoba;0;1;2;1;0;2;2;2;2;2;2;2;1;2;2;2;1;1;1;1;1;9;2;2;2;2;2;2;2;2;2;1;2;2;2;1;1;1;1;2;2
MERLO, Mario Raúl;PF;San Luis;1;1;1;1;2;2;2;2;2;2;2;2;2;2;2;2;2;2;2;2;1;1;1;1;1;1;1;1;1;2;1;1;2;2;2;2;2;2;2;2;2
MICHETTI, Marta Gabriela;PRO;Cdad. Aut. Bs. As.;2;2;2;2;2;2;2;2;2;2;2;2;1;2;2;2;2;2;2;2;9;1;1;1;1;1;1;1;1;1;2;2;1;1;1;2;2;2;2;2;2
MILMAN, Gerardo Fabián;GEN;Buenos Aires;0;2;2;2;1;1;1;1;1;1;0;1;1;1;1;1;1;1;2;2;1;2;1;2;2;2;2;2;2;1;1;1;1;1;1;1;1;1;1;1;1
MOLAS, Pedro Omar;OTROS;Catamarca;1;1;1;1;2;2;2;1;1;1;1;1;1;1;1;1;1;1;1;1;1;1;1;1;1;1;1;1;1;1;1;1;1;1;1;0;2;0;1;0;0
MONTOYA, Jorge Luciano;OTROS;Córdoba;0;2;2;2;2;2;2;2;2;2;2;2;2;2;2;2;2;2;2;2;1;1;1;1;1;1;1;1;1;1;1;1;1;1;1;1;1;1;1;2;2
MORAN, Juan Carlos;CC;Buenos Aires;0;1;1;1;2;2;2;2;2;2;2;2;1;1;1;9;1;1;1;1;9;1;1;1;0;2;2;2;2;2;1;1;1;9;1;1;2;2;2;2;2
MORANTE, Antonio Arnaldo María;FPV;Chaco;0;1;1;1;1;2;2;2;1;1;1;1;2;2;2;2;2;2;2;2;1;1;2;2;2;2;2;2;2;1;9;1;1;1;1;1;1;0;1;1;1
MOREJON, Manuel Amor;OTROS;Chubut;2;2;2;2;2;2;2;2;2;2;2;2;1;1;1;1;1;1;1;1;2;2;1;1;1;1;1;1;1;1;1;1;1;1;1;1;1;1;1;1;1
MORENO, Carlos Julio;FPV;Buenos Aires;0;2;1;1;1;1;1;1;1;1;1;1;1;1;1;1;1;1;1;1;1;1;2;1;1;1;1;1;1;1;1;1;1;1;1;1;1;1;1;1;1
MOUILLERON, Roberto Mario;UP;Buenos Aires;1;1;1;1;2;1;1;1;1;1;0;1;1;1;2;2;2;2;2;2;1;1;1;1;1;1;1;1;1;1;1;1;1;1;1;1;0;0;1;1;1
NEBREDA, Carmen Rosa;FPV;Córdoba;0;1;2;1;1;1;1;1;1;1;1;1;1;1;1;1;1;1;1;1;1;1;1;1;1;1;1;1;1;1;1;1;1;1;1;1;1;1;1;1;1
OBEID, Jorge Alberto;PF;Santa Fe;0;2;2;1;2;2;2;2;2;2;2;2;1;1;2;2;2;2;2;2;1;1;1;2;2;1;1;9;1;1;1;1;1;1;1;2;2;2;2;2;2
OBIGLIO, Julián Martín;PRO;Cdad. Aut. Bs. As.;1;1;1;1;1;1;1;1;1;1;1;1;2;9;1;1;2;2;2;2;2;1;1;1;1;1;1;1;1;1;1;1;2;1;1;0;0;0;0;1;0
OLIVA, Cristian Rodolfo;FCxS;Santiago del Estero;0;1;1;1;1;2;2;2;2;2;2;2;1;1;1;1;1;1;1;1;1;1;1;2;2;2;2;2;2;2;1;1;1;1;1;2;2;2;2;2;2
OLMEDO, Alfredo Horacio;OTROS;Salta;2;2;2;2;2;2;2;2;2;2;2;2;1;2;2;2;2;2;2;2;2;2;1;2;2;1;1;1;1;1;1;1;1;1;1;0;2;0;1;1;1
ORSOLINI, Pablo Eduardo;UCR;Chaco;0;1;1;1;1;1;1;1;2;2;2;2;1;1;1;1;1;1;1;1;1;1;2;2;2;2;2;2;2;1;1;1;1;2;1;1;1;1;1;1;1
PAIS, Juan Mario;FPV;Chubut;0;1;1;1;1;1;1;2;1;1;1;1;1;1;1;1;1;1;1;1;1;1;1;1;1;1;1;1;1;1;1;1;1;1;1;1;1;1;1;1;1
PANSA, Sergio Horacio;PF;San Luis;1;1;1;1;1;1;1;1;1;1;1;1;2;2;2;2;2;2;2;2;1;1;1;1;1;1;1;1;1;1;1;1;1;1;1;1;1;1;1;1;1
PARADA, Liliana;Upop;Cdad. Aut. Bs. As.;0;1;9;1;2;1;1;1;0;0;0;1;2;2;2;2;2;2;2;2;1;9;2;2;2;2;2;2;2;2;2;2;1;1;1;1;1;1;1;1;1
PAREDES URQUIZA, Alberto Nicolás;FPV;La Rioja;0;1;1;1;1;2;2;2;2;2;2;2;1;1;1;1;1;1;1;2;1;1;1;1;1;1;1;1;1;1;1;1;1;1;1;9;0;9;1;1;1
PAROLI, Raúl Omar;OTROS;Catamarca;1;1;1;1;2;2;2;1;1;1;1;1;1;1;1;1;1;1;1;1;1;1;1;1;1;1;1;1;1;1;1;1;1;1;1;0;2;0;1;0;1
PASINI, Ariel Osvaldo;FPV;Buenos Aires;2;1;1;1;1;1;1;1;1;1;1;1;1;1;1;1;1;1;1;1;1;1;1;1;1;1;1;1;1;1;1;1;1;1;1;1;1;1;1;9;1
PASTORIZA, Mirta Ameliana;FCxS;Santiago del Estero;0;1;1;1;1;1;1;1;1;1;1;1;1;1;1;1;1;1;1;1;1;1;1;1;1;1;1;1;1;2;1;1;1;1;1;1;1;1;1;1;1
PERALTA, Fabián Francisco;GEN;Santa Fe;0;1;1;1;1;1;1;1;1;1;0;1;1;1;1;2;2;2;2;2;1;2;1;1;0;1;1;1;1;1;1;1;1;1;1;1;1;1;2;1;2
PEREYRA, Guillermo Antonio;FPV;Mendoza;0;1;1;1;1;1;1;1;1;1;1;1;2;2;2;2;2;2;2;2;2;2;1;2;2;1;1;1;1;1;2;2;2;2;2;2;2;2;2;2;2
PEREZ, Adrián;CC;Buenos Aires;0;2;2;2;2;2;2;2;2;2;2;2;1;1;1;9;2;2;2;2;9;1;1;2;2;2;2;2;2;2;1;1;1;2;2;1;2;1;1;2;1
PEREZ, Alberto José;PF;San Luis;1;1;1;1;1;1;1;1;1;1;0;1;2;2;2;2;2;2;2;2;1;2;1;1;1;1;1;1;1;1;1;1;1;1;1;0;0;0;1;0;1
PEREZ, Jorge Raúl;FCxS;Santiago del Estero;0;1;1;1;1;1;1;1;1;1;1;1;1;1;1;1;1;1;1;1;1;1;1;1;1;1;1;1;1;2;1;1;;;;;;;;;
PERIE, Hugo Rubén;FPV;Corrientes;0;2;2;2;2;2;2;2;2;2;2;2;2;2;2;2;2;2;2;2;2;2;1;1;1;1;1;1;1;2;;;;;;;;;;;
PERIE, Julia Argentina;FPV;Misiones;0;2;2;1;2;1;1;1;1;1;1;1;1;1;1;1;1;1;1;1;1;1;1;1;1;1;1;1;1;2;1;1;1;1;1;1;1;1;1;1;2
PERRONI, Ana María;FPV;Corrientes;;;;;;;;;;;;;;;;;;;;;;;;;;;;;;;1;1;1;1;1;1;1;1;1;1;1
PIEMONTE, Héctor Horacio;CC;Buenos Aires;0;1;1;1;1;1;1;1;0;0;0;1;1;1;1;9;1;1;1;1;9;1;1;1;0;1;2;2;2;1;1;1;1;1;1;1;1;1;1;1;1
PILATTI VERGARA, María Inés;FPV;Chaco;0;2;2;1;1;1;1;1;1;1;1;1;1;1;1;1;1;1;1;1;1;1;2;2;2;2;2;2;2;1;1;1;1;1;1;1;1;1;1;2;2
PINEDO, Federico;PRO;Cdad. Aut. Bs. As.;1;1;1;1;1;1;1;1;1;1;1;1;1;9;1;1;2;2;2;2;9;1;1;2;2;2;2;2;2;1;1;1;1;1;1;1;0;0;1;1;1
PINTO, Sergio Damián;UCR;Mendoza;1;1;1;1;1;1;2;1;1;1;1;1;1;1;1;1;1;1;1;1;1;2;1;1;0;1;1;1;1;1;1;1;1;2;2;1;2;2;2;2;2
PLAINI, Francisco Omar;FPV;Buenos Aires;0;1;2;1;2;2;2;2;1;1;1;1;1;1;1;1;1;1;1;1;1;1;2;1;1;1;1;1;1;1;1;1;1;1;1;1;0;1;1;1;1
PORTELA, Agustín Alberto;UCR;Corrientes;1;1;1;1;1;2;2;2;1;1;1;1;1;1;1;1;1;1;1;1;1;2;2;2;2;2;2;2;2;2;1;1;1;1;9;9;2;2;2;2;9
PRIETO, Hugo Nelson;OTROS;Neuquén;0;1;1;1;1;2;2;2;2;2;2;2;1;2;2;2;2;2;2;2;1;1;1;2;2;2;2;2;2;1;1;1;1;1;1;1;1;1;1;2;1
PUERTA, Federico Ramón;PF;Misiones;2;1;1;2;2;2;2;2;2;2;2;2;2;2;2;2;2;2;2;2;2;2;2;2;2;2;2;2;2;1;2;2;2;2;2;2;2;2;2;2;2
PUIGGROS, Adriana Victoria;FPV;Buenos Aires;0;1;1;1;1;1;1;1;1;1;1;1;1;1;1;1;1;1;1;1;1;1;1;1;1;1;1;1;2;1;1;1;1;1;1;1;1;1;1;1;1
QUINTERO, Marta Beatriz;FPV;La Rioja;2;2;2;2;2;2;2;2;2;2;2;2;1;1;1;1;1;1;1;1;1;1;1;1;1;1;1;1;1;1;1;1;1;1;1;9;9;9;1;1;1
QUIROGA, Horacio Rodolfo;UCR;Neuquén;9;1;1;1;1;1;1;1;1;1;1;1;2;2;2;2;2;2;2;2;2;1;1;2;2;2;2;2;2;1;2;2;;;;;;;;;
QUIROZ, Elsa Siria;CC;Buenos Aires;0;1;1;1;2;1;1;1;0;0;0;1;1;1;1;1;1;1;1;1;9;1;1;1;0;9;1;2;2;1;1;1;1;1;9;1;1;1;1;9;9
RE, Hilma Leonor;CC;Entre Ríos;0;1;1;1;1;1;1;1;0;0;0;1;1;1;1;1;1;1;1;1;9;1;1;1;0;2;2;2;2;1;1;1;2;1;1;1;0;0;1;1;1
RECALDE, Héctor Pedro;FPV;Buenos Aires;0;1;1;1;1;1;1;1;1;1;1;1;1;1;2;2;2;2;2;2;1;1;1;1;1;1;1;1;1;1;1;1;2;2;2;2;2;2;2;2;2
REGAZZOLI, María Cristina;OTROS;La Pampa;0;1;1;1;1;1;1;1;1;1;1;1;1;1;1;1;1;1;1;1;1;1;1;1;1;1;1;1;1;1;1;1;1;1;1;1;1;1;1;1;1
REYES, María Fernanda;CC;Cdad. Aut. Bs. As.;0;1;1;1;2;1;1;1;0;0;0;1;1;1;1;1;1;1;1;1;9;1;1;1;0;1;1;9;1;1;2;2;1;1;1;1;1;1;1;1;1
RIOBOO, Sandra Adriana;UCR;Buenos Aires;1;1;1;1;9;2;2;2;2;2;2;2;2;2;2;2;2;2;2;2;1;1;1;1;0;2;2;2;2;2;1;1;1;1;1;1;1;1;2;1;1
RISKO, Silvia Lucrecia;FPV;Misiones;0;1;1;1;1;1;1;1;1;1;1;1;2;2;2;2;2;2;2;2;1;1;2;2;2;2;2;2;2;1;1;1;1;1;1;1;1;1;1;1;1
RIVARA, Raúl Alberto;UP;Buenos Aires;1;2;2;2;2;2;2;2;2;2;2;2;1;1;2;2;2;2;2;2;1;1;1;2;2;2;2;2;2;1;1;1;1;1;1;1;1;1;1;1;1
RIVAS, Jorge;NEPyS;Buenos Aires;2;2;2;2;2;2;2;2;2;2;2;2;2;2;2;2;2;2;2;2;1;1;1;1;1;1;1;1;0;1;1;1;1;1;1;1;1;1;1;1;1
ROBLEDO, Roberto Ricardo;OTROS;La Pampa;2;1;1;1;1;1;1;1;1;1;1;1;1;1;1;1;1;1;1;1;1;1;1;2;1;1;1;1;1;1;1;1;1;1;1;1;1;1;1;1;2
RODRIGUEZ, Evaristo Arturo;FPV;Santa Cruz;0;1;1;1;1;1;1;1;1;1;1;1;1;1;1;1;1;1;1;1;1;1;1;1;1;1;1;2;2;1;1;1;1;2;1;1;1;1;1;1;1
RODRIGUEZ, Marcela Virginia;OTROS;Buenos Aires;0;1;1;1;2;1;2;1;2;2;2;2;1;1;9;9;1;1;1;1;9;2;9;2;2;2;2;2;2;1;1;1;1;1;2;1;1;1;1;1;2
ROSSI, Agustín Oscar;FPV;Santa Fe;2;1;1;1;1;1;1;1;1;1;1;1;1;1;1;1;1;1;1;1;1;1;1;1;1;1;1;1;1;1;1;1;1;1;1;1;1;1;1;1;1
ROSSI, Alejandro Luis;FPV;Santa Fe;0;1;1;1;1;1;1;1;1;1;1;1;2;2;2;2;1;1;1;1;1;1;1;1;1;1;1;1;1;2;1;1;1;1;1;1;1;1;2;2;2
ROSSI, Cipriana Lorena;UP;Rio Negro;2;2;2;2;2;2;2;2;2;2;2;2;1;2;2;2;2;2;2;2;1;1;2;2;2;2;2;2;2;1;2;2;1;1;1;2;1;0;2;1;1
RUCCI, Claudia Monica;PF;Buenos Aires;1;1;1;1;2;2;2;2;2;2;2;2;1;2;1;1;2;2;2;2;2;2;1;1;1;1;1;1;1;1;1;2;1;1;1;1;0;1;1;1;1
SABBATELLA, Martín;NEPyS;Buenos Aires;0;1;1;1;9;1;1;1;2;2;2;2;1;1;1;1;1;1;1;1;1;1;1;2;2;2;2;2;2;2;1;1;1;1;1;1;1;1;2;1;1
SALIM, Juan Arturo;FPV;Tucumán;0;2;2;1;1;1;1;1;1;1;1;1;1;1;1;1;1;1;1;1;1;1;1;1;1;1;1;1;1;1;1;1;1;2;1;1;1;1;1;1;1
SATRAGNO, Lidia Elsa;PRO;Buenos Aires;1;1;1;1;2;2;2;2;2;2;2;2;2;2;2;2;2;2;2;2;2;2;2;2;2;2;2;2;2;1;1;1;2;1;1;1;0;2;1;1;2
SCALESI, Juan Carlos;OTROS;Rio Negro;1;1;1;1;1;1;1;1;1;1;1;1;1;1;1;1;1;1;1;1;1;2;1;2;2;2;2;2;2;1;2;2;2;2;2;1;0;9;1;2;1
SCIUTTO, Rubén Darío;FPV;Tierra del Fuego;2;2;2;2;2;2;2;2;2;2;2;2;1;1;1;1;1;1;2;2;1;1;1;1;1;1;1;1;1;2;1;1;1;2;1;1;1;1;1;1;2
SEGARRA, Adela Rosa;FPV;Buenos Aires;0;1;1;1;2;1;1;1;1;1;1;1;1;1;1;2;2;2;2;2;1;1;1;1;1;1;9;1;9;1;1;1;2;2;2;1;1;1;2;2;2
SEREBRINSKY, Gustavo Eduardo;UCR;Buenos Aires;1;1;1;1;1;1;1;2;1;2;1;1;1;1;1;1;1;1;1;1;1;1;2;2;2;2;2;2;2;1;2;2;2;2;2;2;2;2;2;2;2
SLUGA, Juan Carlos;FPV;Buenos Aires;0;1;1;1;1;1;1;1;1;1;1;1;2;2;2;2;2;2;2;2;1;1;1;1;1;1;1;1;1;1;1;1;1;1;2;2;2;2;2;2;2
SOLA, Felipe Carlos;UP;Buenos Aires;2;1;1;1;1;1;1;1;1;1;0;1;1;1;1;1;1;1;1;1;1;1;1;1;1;1;1;1;1;1;1;1;1;1;1;1;1;1;1;2;1
SOLANAS, Fernando Ezequiel;OTROS;Cdad. Aut. Bs. As.;0;2;2;2;0;2;2;2;0;0;0;1;1;1;1;1;2;2;2;2;1;2;2;2;2;2;2;2;2;1;2;2;1;1;1;1;1;2;1;2;2
STOLBIZER, Margarita Rosa;GEN;Buenos Aires;0;2;2;2;1;1;1;1;1;1;0;1;1;2;2;2;2;2;2;2;1;1;1;1;0;1;1;1;9;1;1;1;1;1;1;1;1;2;2;1;1
STORANI, María Luisa;UCR;Buenos Aires;1;1;1;1;1;1;1;1;1;1;1;1;1;1;1;1;1;1;1;1;1;1;1;1;0;1;1;1;1;1;1;1;1;1;1;1;1;1;1;1;2
STORNI, Silvia;UCR;Córdoba;2;1;1;1;1;1;1;1;1;1;9;1;2;9;1;1;1;1;1;1;1;2;2;2;2;1;1;1;1;2;1;1;1;1;2;1;1;1;1;1;1
TERADA, Alicia;CC;Chaco;0;1;1;1;2;1;1;2;2;2;2;2;1;2;2;2;2;2;2;2;9;1;1;1;0;2;2;2;2;2;2;2;1;1;1;1;2;2;2;2;2
THOMAS, Enrique Luis;PF;Mendoza;1;1;1;1;1;2;2;2;1;1;0;1;1;1;2;2;2;2;2;2;1;1;1;2;2;2;2;2;2;1;2;2;1;1;1;1;0;1;1;1;1
TOMAS, Daniel;FPV;San Juan;0;1;1;1;1;1;1;1;1;1;1;1;1;1;1;1;1;1;1;1;1;1;1;1;1;1;1;1;1;1;1;1;1;1;1;2;2;2;2;2;2
TORFE, Mónica Liliana;OTROS;Salta;0;2;2;2;1;1;1;1;1;1;1;1;2;2;2;2;2;2;2;2;1;1;2;1;1;1;1;1;1;1;1;1;1;1;1;1;1;0;1;1;1
TRIACA, Alberto Jorge;PRO;Cdad. Aut. Bs. As.;1;2;2;2;2;2;2;2;2;2;2;2;1;1;1;1;2;2;2;2;9;1;1;1;1;1;1;1;1;1;1;2;1;1;1;2;2;2;2;2;2
TUNESSI, Juan Pedro;UCR;Buenos Aires;1;1;1;1;1;1;1;1;1;1;1;1;1;1;1;1;1;1;1;1;1;1;1;1;0;1;1;1;1;1;1;1;1;1;1;1;1;1;1;1;1
URLICH, Carlos;UCR;Chaco;1;1;1;1;1;1;1;1;1;1;1;1;2;2;2;2;2;2;2;2;1;2;1;1;0;1;1;9;1;2;1;1;1;1;1;1;2;2;2;1;1
VARGAS AIGNASSE, Gerónimo;FPV;Tucumán;0;1;1;1;2;2;2;2;2;2;2;2;2;2;2;2;2;2;2;2;2;2;1;1;1;1;1;1;1;2;2;2;;;;;;;;;
VAZQUEZ, Silvia Beatriz;OTROS;Buenos Aires;0;2;2;2;2;2;2;2;2;2;2;2;1;1;1;1;2;2;2;2;1;2;2;2;2;2;2;2;2;1;1;1;1;1;1;1;1;1;1;2;2
VEAUTE, Mariana Alejandra;OTROS;Catamarca;2;2;2;2;2;2;2;2;2;2;2;2;1;1;1;1;1;1;1;1;2;2;2;2;2;2;2;2;2;2;1;1;1;1;1;1;1;1;1;2;1
VEGA, Juan Carlos;CC;Córdoba;0;1;2;2;2;2;2;2;2;2;2;2;1;1;1;1;1;1;1;1;9;1;2;2;2;2;2;2;2;1;1;1;1;1;1;1;0;1;1;1;2
VIALE, Lisandro Alfredo;PS;Entre Ríos;0;1;1;1;1;2;2;2;1;1;0;1;1;2;1;2;1;1;1;1;1;1;1;1;0;1;1;1;1;1;1;1;1;1;1;1;1;1;1;1;1
VIDELA, Nora;PF;San Luis;1;1;1;1;1;1;2;2;2;2;2;2;2;2;2;2;2;2;2;2;1;1;2;2;2;2;2;2;2;1;1;1;1;1;1;0;0;0;1;1;1
VILARIÑO, José Antonio;FPV;Salta;0;1;1;1;1;2;2;2;2;2;2;1;1;1;2;2;1;1;1;1;1;1;1;1;1;1;1;1;1;1;1;1;1;1;1;1;9;1;1;1;1
WAYAR, Walter Raúl;OTROS;Salta;0;2;2;2;2;2;2;2;2;2;2;2;1;1;1;1;1;1;1;1;1;1;1;2;2;2;2;2;2;1;1;1;1;1;1;1;1;1;1;1;1
WEST, Mariano Federíco;FPV;Buenos Aires;0;1;1;1;1;1;1;1;1;1;1;1;1;1;1;1;1;1;1;1;1;1;2;2;2;2;2;2;2;2;1;1;1;1;1;1;1;1;1;1;1
YAGÛE, Linda;UCR;Neuquén;;;;;;;;;;;;;;;;;;;;;;;;;;;;;;;;;1;2;2;1;1;2;2;2;2
YARADE, Fernando;FPV;Salta;0;1;1;1;1;2;2;2;2;2;2;2;1;1;1;9;1;1;1;1;1;1;2;2;2;2;2;2;2;1;1;1;1;1;1;1;1;1;1;2;2
YOMA, Jorge Raul;FPV;La Rioja;2;2;2;2;2;2;2;2;2;2;2;2;2;2;2;2;2;2;2;2;1;1;2;2;2;2;2;2;2;2;1;1;2;1;1;2;2;2;2;2;2
ZAVALLO, Gustavo Marcelo;PF;Entre Ríos;1;1;1;1;1;1;1;1;1;1;0;1;1;1;1;1;1;1;1;1;1;1;2;2;2;2;2;2;2;1;1;1;1;1;1;2;2;2;2;2;2
ZIEGLER, Alex Roberto;FPV;Misiones;0;1;1;1;2;2;2;2;2;2;2;2;1;1;1;1;1;1;1;1;1;1;1;2;2;2;2;2;2;1;1;1;1;1;1;1;0;1;1;1;1
